symptom,ratio
scale_1,0.262105075
scale_2,0.064620066
scale_3,0.984292491
scale_4,0.415600107
scale_5,0.212476506
scale_6,0.648259196
scale_7,0.18119574
scale_8,0.288015752
scale_9,0.847534234
scale_10,0.340239864
scale_11,0.070706167
scale_12,0.426295534
scale_13,0.144410633
scale_14,0.540857424
scale_15,0.480488678
scale_16,0.064620066
scale_17,0.12364629
scale_18,0.313971181
